Step(mm),dotNum1,dotNum2,dotNum3,dotNum4,dotNum5,dotNum6,dotNum7,dotNum8,dotNum9,dotNum10,dotNum11,dotNum12,dotNum13,dotNum14,dotNum15,dotNum16
0,37.87,29.26,20.61,16.66,15.34,15.04,15.01,15.05,15.24,15.81,17.23,20.17,25.66,33.67,41.25,42.37
1,36.85,27.85,19.70,16.39,15.34,15.04,15.01,15.05,15.23,15.80,17.20,20.13,25.64,33.69,41.31,42.47
2,35.76,26.45,18.93,16.16,15.26,15.03,15.01,15.05,15.22,15.78,17.17,20.10,25.62,33.70,41.37,42.60
3,34.60,25.08,18.28,15.96,15.15,15.02,15.01,15.04,15.22,15.76,17.14,20.06,25.59,33.70,41.45,42.70
4,33.38,23.76,17.73,15.79,15.12,15.01,15.01,15.05,15.26,15.88,17.43,20.68,25.56,33.71,41.50,42.77
5,32.06,22.53,17.29,15.65,15.12,15.01,15.02,15.07,15.28,15.98,17.76,21.37,26.06,33.68,41.50,42.79
6,30.69,21.40,16.91,15.52,15.09,15.00,15.02,15.08,15.34,16.13,18.12,22.14,26.62,33.67,41.47,42.78
7,29.28,20.40,16.60,15.41,15.04,15.00,15.03,15.10,15.41,16.31,18.53,22.11,27.62,34.18,41.86,42.58
8,27.82,19.52,16.34,15.32,15.03,15.01,15.04,15.12,15.50,16.53,18.99,23.74,27.74,34.93,42.31,42.33
9,26.36,18.76,16.11,15.25,15.01,15.01,15.05,15.15,15.60,16.73,19.52,24.92,31.35,34.94,42.30,42.30
10,24.97,18.15,15.92,15.19,15.01,15.01,15.06,15.18,15.70,17.00,20.09,26.01,31.64,34.92,42.29,42.30
11,23.64,17.63,15.75,15.14,15.01,15.01,15.07,15.22,15.82,17.39,20.74,27.16,33.00,34.86,42.25,42.28
12,22.40,17.20,15.61,15.11,15.00,15.01,15.09,15.29,15.90,17.61,21.47,28.39,34.31,36.09,42.91,41.77
13,21.29,16.84,15.49,15.08,15.00,15.02,15.11,15.32,15.95,17.70,22.01,29.67,34.37,36.17,42.95,41.70
14,20.29,16.54,15.39,15.05,15.00,15.02,15.11,15.38,16.11,18.08,22.75,31.02,34.33,37.54,43.47,41.69
15,19.42,16.28,15.30,15.03,15.00,15.03,15.13,15.46,16.23,18.50,24.13,32.41,37.19,38.86,43.78,41.68
16,18.69,16.07,15.23,15.02,15.01,15.04,15.16,15.55,16.43,18.98,25.19,33.85,38.56,40.10,43.86,40.97
17,18.08,15.88,15.18,15.01,15.01,15.05,15.20,15.65,16.65,19.99,26.32,35.28,39.89,41.23,43.76,40.17
18,17.57,15.72,15.13,15.01,15.01,15.06,15.24,15.78,17.01,20.65,27.54,36.73,42.28,42.24,42.96,39.21
19,17.15,15.58,15.10,15.00,15.01,15.08,15.30,15.92,17.69,21.51,28.83,38.17,44.08,43.08,42.32,38.20
20,16.80,15.46,15.07,15.00,15.02,15.10,15.39,16.09,17.93,22.23,30.18,39.18,44.67,43.72,41.51,37.06
21,16.50,15.36,15.05,15.00,15.02,15.12,15.48,16.27,18.34,23.42,31.58,40.63,45.22,44.16,40.63,35.89
22,16.25,15.28,15.03,15.00,15.03,15.15,15.64,16.49,18.84,24.44,32.66,41.90,45.20,44.42,39.62,34.60
23,16.04,15.22,15.02,15.00,15.03,15.18,15.77,16.73,19.47,25.56,34.53,43.15,44.95,44.43,38.50,33.25
24,15.85,15.16,15.01,15.00,15.05,15.23,15.91,17.02,20.22,26.78,36.04,44.15,44.47,44.23,37.29,31.80
25,15.69,15.12,15.01,15.01,15.06,15.28,16.08,17.45,20.95,28.05,37.53,44.73,43.90,43.82,36.01,30.32
26,15.55,15.09,15.00,15.01,15.07,15.34,16.19,17.69,21.75,29.00,39.01,45.37,43.77,43.24,34.62,28.77
27,15.44,15.06,15.00,15.01,15.11,15.42,16.42,18.10,22.65,30.84,40.43,45.69,43.23,42.55,33.19,24.37
28,15.34,15.04,15.00,15.01,15.12,15.51,16.75,18.55,22.60,33.55,41.77,45.82,43.02,41.71,31.98,23.05
29,15.27,15.02,15.00,15.02,15.14,15.61,17.04,18.89,23.58,35.39,42.98,45.73,43.00,40.74,31.68,21.83
30,15.20,15.01,15.00,15.03,15.19,15.74,17.30,19.65,24.67,35.37,44.06,45.38,42.31,39.68,30.11,20.76
31,15.15,15.01,15.00,15.03,15.27,15.89,17.74,20.34,25.82,36.92,44.78,44.75,41.04,38.49,28.53,19.83
32,15.11,15.00,15.00,15.04,15.30,16.06,18.16,21.10,27.09,36.90,45.50,44.05,38.67,37.23,26.96,19.04
33,15.08,15.00,15.01,15.06,15.38,16.26,18.31,21.94,29.41,38.25,45.98,43.17,37.34,35.88,25.45,18.36
34,15.06,15.00,15.01,15.07,15.45,16.48,19.06,22.88,31.37,39.92,46.33,42.21,35.90,34.46,24.02,17.81
35,15.04,15.00,15.01,15.10,15.55,16.74,19.54,23.53,32.89,41.33,46.37,41.10,33.12,32.94,22.70,17.35
36,15.02,15.00,15.02,15.12,15.64,17.04,20.39,23.88,34.46,43.68,46.13,39.89,32.83,31.36,21.51,16.98
37,15.01,15.00,15.02,15.16,15.76,17.38,20.98,25.51,36.04,44.88,45.75,38.60,31.55,28.15,20.47,16.65
38,15.01,15.00,15.03,15.20,15.92,17.76,22.07,27.14,37.66,45.72,45.15,37.20,31.19,26.58,19.57,16.38
39,15.01,15.00,15.04,15.25,16.10,18.20,22.81,28.99,39.22,46.33,44.36,35.68,31.16,25.04,18.79,16.14
40,15.00,15.00,15.05,15.31,16.32,18.71,24.09,30.48,40.76,46.74,43.77,34.13,29.53,23.64,18.17,15.94
41,15.00,15.01,15.07,15.38,16.56,19.28,25.05,32.03,41.63,46.88,42.42,32.49,26.30,22.37,17.65,15.77
42,15.00,15.01,15.09,15.47,16.83,19.94,26.54,33.60,42.14,46.79,41.23,32.50,23.39,20.21,17.21,15.62
43,15.00,15.01,15.11,15.58,17.41,20.68,26.67,35.22,44.25,46.50,39.97,30.84,23.39,19.36,16.85,15.49
44,15.00,15.02,15.15,15.71,17.65,21.51,28.03,36.85,45.61,45.97,38.58,27.83,23.38,18.05,16.55,15.39
45,15.00,15.03,15.19,15.86,18.09,22.43,30.32,37.88,46.36,45.50,37.11,25.89,22.11,17.55,16.29,15.30
46,15.00,15.04,15.23,16.03,18.60,23.46,32.39,39.42,46.94,44.76,35.56,24.40,22.11,17.14,16.06,15.23
47,15.00,15.05,15.29,16.24,18.75,24.60,32.61,40.93,47.21,43.81,33.92,23.04,22.11,16.79,15.87,15.18
48,15.01,15.06,15.37,16.48,19.55,25.82,34.22,42.42,47.32,43.47,32.23,21.81,20.01,16.49,15.57,15.13
49,15.01,15.08,15.46,16.76,20.57,27.15,35.89,44.22,47.15,42.36,30.52,20.74,19.32,16.24,15.45,15.10
50,15.01,15.11,15.57,17.07,21.38,28.56,37.53,45.31,46.79,39.76,28.81,19.19,18.69,16.02,15.45,15.05
51,15.02,15.14,15.70,17.43,22.33,30.07,40.45,46.23,46.23,38.33,27.15,18.47,18.50,15.67,15.45,15.03
52,15.02,15.18,15.85,17.84,23.33,31.62,41.86,46.90,45.50,36.79,25.88,18.37,17.92,15.54,15.36,15.02
53,15.03,15.23,16.02,18.32,23.67,33.26,43.34,47.36,44.90,35.16,24.26,17.82,17.04,15.43,15.21,15.01
54,15.05,15.29,16.24,18.87,25.28,34.94,43.65,47.58,43.98,35.17,23.02,17.35,16.17,15.26,15.12,15.01
55,15.06,15.37,16.48,19.49,27.04,36.60,44.88,47.58,42.85,33.44,21.67,16.69,15.82,15.15,15.09,15.01
56,15.08,15.46,16.76,20.20,27.49,38.29,45.92,47.45,41.57,31.72,20.51,16.64,15.63,15.11,15.04,15.00
57,15.11,15.57,17.09,21.00,29.46,39.89,46.75,47.32,41.08,28.25,19.61,16.36,15.51,15.11,15.02,15.00
58,15.14,15.70,17.45,21.90,31.59,41.47,47.54,46.27,39.69,26.61,18.86,16.13,15.40,15.08,15.02,15.00
59,15.18,15.85,17.88,22.89,32.08,42.92,47.87,45.46,38.17,25.05,18.23,15.92,15.31,15.05,15.00,15.00
60,15.23,16.04,18.38,24.00,34.56,44.23,47.90,44.93,36.58,23.63,17.85,15.75,15.24,15.03,15.00,15.00
61,15.29,16.25,18.94,25.20,35.42,45.41,47.50,43.40,33.48,22.35,17.27,15.60,15.18,15.02,15.00,15.00
62,15.37,16.50,19.58,26.51,37.76,46.35,47.17,42.68,31.38,21.21,16.89,15.48,15.18,15.01,15.00,15.00
63,15.46,16.79,20.31,27.92,39.87,47.10,46.32,41.38,29.62,20.21,16.57,15.38,15.10,15.01,15.00,15.00
64,15.57,17.13,21.14,29.42,41.50,47.63,46.33,39.87,27.91,19.38,16.31,15.29,15.07,15.01,15.00,15.00
65,15.71,17.51,22.06,30.99,41.95,47.88,45.44,38.41,26.61,18.67,16.08,15.23,15.05,15.01,15.00,15.00
66,15.87,17.96,23.10,32.63,44.25,47.94,44.42,36.13,26.26,18.07,15.88,15.17,15.03,15.01,15.00,15.00
67,16.06,18.47,24.24,34.30,44.64,47.75,43.27,35.00,24.73,17.58,15.71,15.13,15.02,15.01,15.00,15.00
68,16.28,19.07,25.49,36.03,46.11,47.37,41.95,32.59,23.32,17.28,15.57,15.09,15.01,15.01,15.00,15.00
69,16.54,19.75,26.85,37.71,46.64,46.77,40.54,30.80,22.07,16.91,15.45,15.07,15.01,15.01,15.00,15.00
70,16.83,20.51,28.28,39.39,47.33,46.00,39.02,29.06,20.17,16.59,15.36,15.04,15.01,15.01,15.00,15.00
71,17.18,21.38,29.81,40.99,47.76,45.09,37.39,27.36,20.02,16.31,15.28,15.03,15.01,15.01,15.00,15.00
72,17.59,22.34,31.41,42.49,47.97,43.99,35.68,26.32,19.21,16.07,15.21,15.02,15.00,15.01,15.00,15.00
73,18.05,23.42,33.08,43.84,47.87,42.80,33.91,24.28,18.63,15.89,15.16,15.01,15.00,15.01,15.00,15.00
74,18.59,24.61,34.77,45.05,47.69,41.45,32.11,23.30,18.53,15.72,15.12,15.01,15.00,15.01,15.00,15.00
75,19.20,25.89,36.47,46.06,47.01,39.99,30.31,21.00,17.97,15.54,15.10,15.00,15.00,15.01,15.00,15.00
76,19.89,27.28,38.16,46.87,46.62,38.41,28.56,20.70,17.16,15.43,15.09,15.00,15.00,15.00,15.00,15.00
77,20.69,28.76,39.82,47.46,45.47,36.73,26.90,20.70,16.73,15.33,15.06,15.00,15.00,15.00,15.00,15.00
78,21.58,30.32,41.38,47.78,44.83,34.99,25.33,19.81,16.19,15.26,15.04,15.00,15.00,15.00,15.00,15.00
79,22.59,31.96,42.86,47.90,43.72,33.19,23.89,19.04,16.05,15.20,15.02,15.00,15.00,15.00,15.00,15.00
80,23.69,33.63,44.17,47.79,42.45,31.40,22.59,18.40,15.85,15.15,15.01,15.00,15.00,15.00,15.00,15.00
81,24.90,35.35,45.32,47.47,41.05,29.62,21.44,17.40,15.69,15.11,15.01,15.00,15.00,15.00,15.00,15.00
82,26.20,37.05,46.30,46.98,39.56,27.93,20.46,17.00,15.56,15.08,15.00,15.00,15.00,15.00,15.00,15.00
83,27.63,38.76,47.02,46.28,37.25,26.29,19.59,16.66,15.43,15.05,15.00,15.00,15.00,15.00,15.00,15.00
84,29.14,40.38,47.53,45.41,36.23,24.78,18.86,16.38,15.34,15.03,15.00,15.00,15.00,15.00,15.00,15.00
85,30.72,41.92,47.80,44.41,34.48,23.42,18.25,16.13,15.26,15.02,15.00,15.00,15.00,15.00,15.00,15.00
86,32.35,43.33,47.86,43.27,32.68,22.20,17.73,15.93,15.19,15.01,15.00,15.00,15.00,15.00,15.00,15.00
87,34.02,44.57,47.69,41.93,30.88,21.13,17.29,15.75,15.14,15.01,15.00,15.00,15.00,15.00,15.00,15.00
88,35.73,45.63,47.33,40.52,29.13,20.19,16.91,15.61,15.11,15.01,15.00,15.01,15.00,15.00,15.00,15.00
89,37.41,46.48,46.76,38.97,27.46,19.41,16.59,15.48,15.08,15.00,15.00,15.01,15.00,15.00,15.00,15.00
90,39.06,47.11,46.02,37.34,25.87,18.71,16.32,15.38,15.07,15.00,15.00,15.01,15.00,15.00,15.00,15.01
91,40.64,47.49,45.10,35.61,24.42,18.13,16.08,15.30,15.05,15.00,15.00,15.01,15.00,15.00,15.00,15.03
92,42.13,47.66,44.04,33.83,23.10,17.63,15.88,15.23,15.03,15.00,15.00,15.02,15.00,15.00,15.00,15.04
93,43.46,47.63,42.86,32.02,21.94,17.22,15.72,15.18,15.01,15.00,15.00,15.03,15.00,15.00,15.00,15.21
94,44.62,47.41,41.52,30.27,20.92,16.84,15.58,15.14,15.01,15.00,15.01,15.04,15.00,15.00,15.00,21.11
95,45.60,46.96,40.06,28.55,20.02,16.53,15.46,15.10,15.01,15.00,15.01,15.06,15.00,15.00,15.00,25.99
96,46.37,46.33,38.49,26.94,19.26,16.27,15.36,15.07,15.00,15.00,15.01,15.17,15.00,15.00,15.00,25.93
97,46.92,45.55,36.81,25.42,18.60,16.04,15.29,15.05,15.00,15.00,15.02,15.27,15.00,15.00,15.06,27.35
98,47.24,44.58,35.05,24.03,18.03,15.85,15.22,15.03,15.00,15.00,15.03,15.28,15.00,15.00,15.09,28.86
99,47.35,43.47,33.27,22.79,17.55,15.69,15.17,15.02,15.00,15.00,15.04,15.35,15.00,15.00,22.46,28.79
100,47.26,42.25,31.51,21.71,17.15,15.55,15.13,15.01,15.00,15.00,15.06,15.35,15.00,15.20,23.58,28.70
101,46.95,40.87,29.76,20.73,16.79,15.44,15.09,15.01,15.00,15.00,15.10,15.42,15.00,15.25,23.53,28.62
102,46.47,39.36,28.10,19.90,16.49,15.35,15.06,15.00,15.00,15.01,15.13,15.43,15.00,15.25,24.77,30.17
103,45.81,37.73,26.53,19.43,16.23,15.28,15.04,15.00,15.00,15.01,15.18,15.54,15.00,15.32,29.26,30.09
104,44.97,36.04,25.06,18.54,16.01,15.22,15.03,15.00,15.00,15.01,15.23,15.67,15.00,15.40,30.85,30.00
105,44.01,34.31,23.73,18.00,15.82,15.17,15.02,15.00,15.00,15.02,15.29,15.66,15.00,15.79,30.78,29.92
106,42.88,32.54,22.55,18.03,15.67,15.12,15.01,15.00,15.00,15.02,15.37,16.25,15.00,22.72,32.41,29.82
107,41.62,30.79,21.50,17.13,15.54,15.09,15.01,15.00,15.00,15.03,15.45,16.52,15.00,22.67,34.11,29.74
108,40.22,29.12,20.58,17.15,15.43,15.06,15.00,15.00,15.00,15.05,15.54,16.84,15.00,22.61,37.57,29.66
109,38.73,27.53,19.79,16.70,15.35,15.04,15.00,15.00,15.01,15.07,15.71,17.71,15.00,22.55,39.18,29.56
110,37.11,26.01,19.09,16.50,15.27,15.03,15.00,15.00,15.01,15.14,15.87,18.24,15.00,22.49,39.09,29.48
111,35.43,24.63,18.49,16.16,15.21,15.02,15.00,15.00,15.02,15.18,16.07,18.86,15.00,22.43,38.98,29.39
112,33.72,23.38,17.96,16.03,15.16,15.01,15.00,15.00,15.03,15.31,16.30,19.34,15.00,22.37,38.88,29.30
113,31.98,22.26,17.50,15.73,15.12,15.01,15.00,15.00,15.05,15.36,16.59,19.53,15.00,22.32,38.78,29.22
114,30.28,21.27,17.11,15.54,15.09,15.01,15.00,15.00,15.07,15.46,16.93,19.49,15.98,22.27,38.67,29.14
115,28.64,20.41,16.77,15.55,15.06,15.00,15.00,15.00,15.10,15.57,17.33,19.45,16.20,23.39,38.55,29.04
116,27.10,19.65,16.47,15.38,15.04,15.00,15.00,15.00,15.13,15.69,18.28,19.40,16.19,23.33,40.06,28.96
117,25.66,19.00,16.22,15.28,15.03,15.00,15.00,15.01,15.17,15.90,18.34,20.19,16.17,23.26,42.77,28.87
118,24.36,18.41,16.01,15.22,15.02,15.00,15.00,15.02,15.25,16.10,18.98,21.08,17.64,23.20,42.68,28.78
119,23.17,17.91,15.83,15.17,15.01,15.00,15.00,15.04,15.31,16.34,19.71,23.24,17.61,23.13,42.55,28.68
